1,Tito,Laffoley-Lane,tlaffoleylane0@state.tx.us
2,Alaine,Sabben,asabben1@imdb.com
3,Micheil,Simeons,msimeons2@addthis.com
4,Konrad,Keyzor,kkeyzor3@mit.edu
5,Marlene,Betteson,mbetteson4@ebay.com
6,Michaela,Lawn,mlawn5@godaddy.com
7,Ingrim,Khristoforov,ikhristoforov6@google.cn
8,Maureen,VanBrugh,mvanbrugh7@google.co.jp
9,Wyatan,Bazek,wbazek8@last.fm
10,Boony,Boundley,bboundley9@theatlantic.com
11,Alfred,Carnalan,acarnalana@skype.com
12,Evonne,Randleson,erandlesonb@posterous.com
13,Kev,Oliveto,kolivetoc@squidoo.com
14,Erin,Micka,emickad@webs.com
15,Roderigo,Ruler,rrulere@reverbnation.com
16,Emiline,Hains,ehainsf@aboutads.info
17,Merlina,Goreisr,mgoreisrg@over-blog.com
18,Kristi,Temby,ktembyh@utexas.edu
19,Florinda,Antcliffe,fantcliffei@mapy.cz
20,Tonnie,McGucken,tmcguckenj@theglobeandmail.com
21,Dinah,Milmo,dmilmok@bbb.org
22,Donn,Behning,dbehningl@vimeo.com
23,Tomi,Whellans,twhellansm@ucoz.ru
24,Fremont,Sutty,fsuttyn@google.pl
25,Sergio,Christofol,schristofolo@php.net
26,Anna-diane,Lowe,alowep@yolasite.com
27,Waldemar,Kurten,wkurtenq@soundcloud.com
28,Marissa,Goshawk,mgoshawkr@umn.edu
29,Lisha,Gledhill,lgledhills@ucsd.edu
30,Trevor,Guesford,tguesfordt@bandcamp.com
31,Elinore,Crummy,ecrummyu@discuz.net
32,Irvine,Shackell,ishackellv@goo.ne.jp
33,Janice,Bettenson,jbettensonw@g.co
34,Lindsey,Gott,lgottx@craigslist.org
35,Starlin,Wadman,swadmany@tiny.cc
36,Obadiah,MacNamara,omacnamaraz@discuz.net
37,Vachel,Bonfield,vbonfield10@networksolutions.com
38,Hattie,McGennis,hmcgennis11@istockphoto.com
39,Bronnie,Spaice,bspaice12@ycombinator.com
40,Eldredge,Corteney,ecorteney13@imageshack.us
41,Darwin,Redfearn,dredfearn14@constantcontact.com
42,Barbie,Sussems,bsussems15@youtube.com
43,Clint,Arpino,carpino16@ucsd.edu
44,Esra,Bourdice,ebourdice17@webeden.co.uk
45,Darbie,Kigelman,dkigelman18@ox.ac.uk
46,Ede,St. Quintin,estquintin19@geocities.jp
47,Granger,Stephens,gstephens1a@blog.com
48,Charlean,Hoyles,choyles1b@angelfire.com
49,Korrie,Wardlaw,kwardlaw1c@earthlink.net
50,Blithe,Weddell,bweddell1d@latimes.com
51,Merrel,Jeffries,mjeffries1e@google.nl
52,Paddy,Coning,pconing1f@latimes.com
53,Sallee,Sutliff,ssutliff1g@booking.com
54,Gipsy,Shawyer,gshawyer1h@about.com
55,Gamaliel,Buller,gbuller1i@globo.com
56,Emanuele,Corcut,ecorcut1j@woothemes.com
57,Zarah,Growcott,zgrowcott1k@fema.gov
58,Bartholomeo,Aronovich,baronovich1l@google.co.jp
59,Cross,Mitchiner,cmitchiner1m@weibo.com
60,Veronique,Knotton,vknotton1n@nih.gov
61,Bert,Lourens,blourens1o@bing.com
62,Dotty,Espinoy,despinoy1p@bing.com
63,Peria,Stebles,pstebles1q@google.com.hk
64,Kimmi,Dumbar,kdumbar1r@ucla.edu
65,Goddard,Haugeh,ghaugeh1s@cmu.edu
66,Roxanne,Chafney,rchafney1t@tinypic.com
67,Gizela,Haughin,ghaughin1u@berkeley.edu
68,Artair,Camplejohn,acamplejohn1v@unc.edu
69,Rice,Parnell,rparnell1w@sakura.ne.jp
70,Guthrie,Trew,gtrew1x@opensource.org
71,Atlante,Izkovitch,aizkovitch1y@comcast.net
72,Avery,Stichel,astichel1z@mozilla.org
73,Lisetta,Longlands,llonglands20@ustream.tv
74,Myron,Unworth,munworth21@meetup.com
75,Carol,Gentric,cgentric22@hubpages.com
76,Janeta,Quare,jquare23@wp.com
77,Julita,Kinnier,jkinnier24@house.gov
78,Cinderella,Cracknall,ccracknall25@cornell.edu
79,Yoshi,Bezemer,ybezemer26@irs.gov
80,Dorothy,Luttger,dluttger27@unicef.org
81,Ramona,Capes,rcapes28@ted.com
82,Filberte,Quail,fquail29@prweb.com
83,Durward,Rontsch,drontsch2a@nhs.uk
84,Kenna,Hefford,khefford2b@sphinn.com
85,Joe,Beall,jbeall2c@nsw.gov.au
86,Annabel,Everly,aeverly2d@newyorker.com
87,Ira,Ferres,iferres2e@baidu.com
88,Patrizia,Winchcomb,pwinchcomb2f@twitter.com
89,Natividad,Pozzi,npozzi2g@smugmug.com
90,Palm,Sneden,psneden2h@apple.com
91,Reinaldos,Keune,rkeune2i@adobe.com
92,Adelbert,Owthwaite,aowthwaite2j@narod.ru
93,Tremain,Scrammage,tscrammage2k@nps.gov
94,Rubie,Brute,rbrute2l@sun.com
95,Ailbert,Robardey,arobardey2m@dagondesign.com
96,Elinor,Stuther,estuther2n@japanpost.jp
97,Beatrix,Kellogg,bkellogg2o@livejournal.com
98,Alika,Aggs,aaggs2p@etsy.com
99,Nero,Zelland,nzelland2q@geocities.jp
100,Gabi,Le Franc,glefranc2r@hud.gov
101,Aili,Bonds,abonds2s@seattletimes.com
102,Hyman,Stanbury,hstanbury2t@columbia.edu
103,Alic,Newis,anewis2u@scientificamerican.com
104,Pearla,Middis,pmiddis2v@auda.org.au
105,Marcel,McArd,mmcard2w@yahoo.co.jp
106,Bran,Olekhov,bolekhov2x@virginia.edu
107,Devin,Lennon,dlennon2y@illinois.edu
108,Amber,Priditt,apriditt2z@sciencedirect.com
109,Blinny,Shutle,bshutle30@bbb.org
110,Toddy,Winterbourne,twinterbourne31@hhs.gov
111,Marlie,Larrosa,mlarrosa32@google.com.hk
112,Orlando,Jeanet,ojeanet33@ocn.ne.jp
113,Valene,Vice,vvice34@cloudflare.com
114,Farleigh,Stonbridge,fstonbridge35@jiathis.com
115,Aila,Arniz,aarniz36@paginegialle.it
116,Stepha,Brooksbank,sbrooksbank37@fastcompany.com
117,Val,Kissock,vkissock38@opensource.org
118,Burg,Le Port,bleport39@newyorker.com
119,Gannon,Fallon,gfallon3a@printfriendly.com
120,Aeriell,Grigg,agrigg3b@home.pl
121,Nicol,Higgan,nhiggan3c@aol.com
122,Gertruda,Aindriu,gaindriu3d@prlog.org
123,Denni,Mushet,dmushet3e@patch.com
124,Minda,Raleston,mraleston3f@wsj.com
125,Donni,Berzins,dberzins3g@jalbum.net
126,Ewen,Marzello,emarzello3h@diigo.com
127,Elberta,Cordet,ecordet3i@ning.com
128,Selene,Hillan,shillan3j@nydailynews.com
129,Barty,Lindback,blindback3k@upenn.edu
130,Bartolomeo,Pauler,bpauler3l@indiatimes.com
131,Blinnie,Farragher,bfarragher3m@twitter.com
132,Llywellyn,Learmonth,llearmonth3n@cmu.edu
133,Vitia,Corder,vcorder3o@vkontakte.ru
134,Jemima,Dishman,jdishman3p@oaic.gov.au
135,Merrilee,Dutteridge,mdutteridge3q@nytimes.com
136,Denney,Sigg,dsigg3r@tamu.edu
137,Ellissa,Ketchen,eketchen3s@about.com
138,Caprice,Kitchaside,ckitchaside3t@deliciousdays.com
139,Anette,Jozefczak,ajozefczak3u@nifty.com
140,Kimmie,Towson,ktowson3v@domainmarket.com
141,Lilli,Marchi,lmarchi3w@dion.ne.jp
142,Hunfredo,Clowsley,hclowsley3x@bandcamp.com
143,Pippy,Oland,poland3y@usatoday.com
144,Brent,Godden,bgodden3z@ifeng.com
145,Pia,Hullock,phullock40@unesco.org
146,Linoel,Cowoppe,lcowoppe41@cargocollective.com
147,Peder,Ceaser,pceaser42@youtube.com
148,Darby,Di Bernardo,ddibernardo43@chicagotribune.com
149,Tawsha,Casassa,tcasassa44@walmart.com
150,Gavan,De La Haye,gdelahaye45@studiopress.com
151,Findley,Saban,fsaban46@statcounter.com
152,Fernanda,Elleton,felleton47@deviantart.com
153,Kevan,Beardsell,kbeardsell48@ovh.net
154,Celestina,Blincko,cblincko49@utexas.edu
155,Barbe,Risbie,brisbie4a@independent.co.uk
156,Ellynn,Tivnan,etivnan4b@webs.com
157,Pyotr,Dunley,pdunley4c@hatena.ne.jp
158,Kipp,Sotham,ksotham4d@howstuffworks.com
159,Melloney,Caldero,mcaldero4e@mashable.com
160,Alan,Goolding,agoolding4f@shareasale.com
161,Guendolen,Grigorkin,ggrigorkin4g@vistaprint.com
162,Mavis,Glasard,mglasard4h@is.gd
163,Raleigh,Saiger,rsaiger4i@diigo.com
164,Katina,Borleace,kborleace4j@dyndns.org
165,Corrinne,Yewdell,cyewdell4k@kickstarter.com
166,Janis,Dodridge,jdodridge4l@tiny.cc
167,Gennie,Hubbocks,ghubbocks4m@msn.com
168,Jeannette,Bremeyer,jbremeyer4n@psu.edu
169,Evelyn,Maestrini,emaestrini4o@about.com
170,Vanny,Quinlan,vquinlan4p@howstuffworks.com
171,Nico,Doddemeede,ndoddemeede4q@hhs.gov
172,Charlotta,Lakenton,clakenton4r@amazon.co.uk
173,Tabby,Stockbridge,tstockbridge4s@home.pl
174,Marisa,Alecock,malecock4t@bloomberg.com
175,Dix,Stodit,dstodit4u@github.com
176,Reinaldo,Haffenden,rhaffenden4v@biblegateway.com
177,Christophorus,Clines,cclines4w@friendfeed.com
178,Nester,Poinsett,npoinsett4x@yolasite.com
179,Marcellus,Borrington,mborrington4y@comcast.net
180,Kiley,Alabone,kalabone4z@redcross.org
181,Kevina,Cornels,kcornels50@dion.ne.jp
182,Fredi,Jozsika,fjozsika51@123-reg.co.uk
183,Ancell,Pettersen,apettersen52@state.gov
184,Arlan,Sager,asager53@barnesandnoble.com
185,Zola,Oboy,zoboy54@washington.edu
186,Aldwin,Heeran,aheeran55@dedecms.com
187,Leila,Rollinson,lrollinson56@miibeian.gov.cn
188,Hersch,Gherardini,hgherardini57@usatoday.com
189,Ailey,Greenaway,agreenaway58@usa.gov
190,Henrietta,Bowmen,hbowmen59@4shared.com
191,Pearl,Tunstall,ptunstall5a@t.co
192,Syd,Cutler,scutler5b@patch.com
193,Mariejeanne,Snasdell,msnasdell5c@chicagotribune.com
194,Kelly,Reichhardt,kreichhardt5d@mozilla.com
195,Elisha,Treleaven,etreleaven5e@google.com.au
196,Alverta,De Vaan,adevaan5f@cbsnews.com
197,Juliane,Simion,jsimion5g@webmd.com
198,Dorena,Minucci,dminucci5h@tumblr.com
199,Hugues,Meeland,hmeeland5i@networkadvertising.org
200,Lacy,Catford,lcatford5j@netvibes.com
201,Zebedee,Laird,zlaird5k@gravatar.com
202,Waneta,MacRirie,wmacririe5l@hp.com
203,Freida,Bauduccio,fbauduccio5m@fc2.com
204,Davida,Radclyffe,dradclyffe5n@hexun.com
205,Vinny,Bumpas,vbumpas5o@diigo.com
206,Crista,Featherstonhaugh,cfeatherstonhaugh5p@hibu.com
207,Kimberlyn,McGillicuddy,kmcgillicuddy5q@businesswire.com
208,Shirl,Harvison,sharvison5r@usgs.gov
209,Ilise,Bandy,ibandy5s@mac.com
210,Tarrah,Tewkesbury,ttewkesbury5t@mlb.com
211,Mort,Jannex,mjannex5u@51.la
212,Maximo,Smeeth,msmeeth5v@archive.org
213,Gerty,O'Shiels,goshiels5w@forbes.com
214,Irene,Shorten,ishorten5x@angelfire.com
215,Angelika,Vannacci,avannacci5y@seesaa.net
216,Barbra,Kingsly,bkingsly5z@europa.eu
217,Corrie,Given,cgiven60@cyberchimps.com
218,Selie,Clist,sclist61@google.cn
219,Domini,Deadman,ddeadman62@alibaba.com
220,Dimitri,Cawsby,dcawsby63@smh.com.au
221,Dorena,Elion,delion64@dion.ne.jp
222,Sondra,O'Lenane,solenane65@flavors.me
223,Lexie,Moreing,lmoreing66@jugem.jp
224,Penny,Ciardo,pciardo67@gravatar.com
225,Sergio,Haller,shaller68@epa.gov
226,Bobina,Lynas,blynas69@blogspot.com
227,Trish,Prestie,tprestie6a@epa.gov
228,Hardy,Hestrop,hhestrop6b@psu.edu
229,Oona,Laimable,olaimable6c@wikipedia.org
230,Warner,MacGahey,wmacgahey6d@stumbleupon.com
231,Gwenora,Dudbridge,gdudbridge6e@chron.com
232,Gaultiero,Kennedy,gkennedy6f@mysql.com
233,Brennen,Gianinotti,bgianinotti6g@businessweek.com
234,Lexie,Glaves,lglaves6h@google.es
235,Morgan,Kolakowski,mkolakowski6i@parallels.com
236,Annice,Dressel,adressel6j@devhub.com
237,Devora,Martinuzzi,dmartinuzzi6k@yellowbook.com
238,Alicia,Reichhardt,areichhardt6l@nytimes.com
239,Calla,Titta,ctitta6m@list-manage.com
240,Mufi,Souch,msouch6n@deliciousdays.com
241,Arabel,Cubley,acubley6o@deviantart.com
242,Ephraim,Rough,erough6p@springer.com
243,Loella,Auchinleck,lauchinleck6q@discovery.com
244,Adriano,Moncey,amoncey6r@ocn.ne.jp
245,Rosaleen,Strain,rstrain6s@usgs.gov
246,Hedi,Zanneli,hzanneli6t@unc.edu
247,Aeriela,Gavini,agavini6u@fc2.com
248,Claudine,Ubank,cubank6v@unesco.org
249,Zenia,Hilldrup,zhilldrup6w@google.nl
250,Dulciana,MacCafferky,dmaccafferky6x@sphinn.com
251,Kennie,Scud,kscud6y@goo.ne.jp
252,Pippy,Maberley,pmaberley6z@ehow.com
253,Bobby,Velte,bvelte70@cmu.edu
254,Ruthy,Spurrior,rspurrior71@uol.com.br
255,Coralie,Piller,cpiller72@amazonaws.com
256,Emmeline,Rosensaft,erosensaft73@miibeian.gov.cn
257,Talya,Skate,tskate74@sfgate.com
258,Lorene,Battaille,lbattaille75@youtube.com
259,Bell,Nissle,bnissle76@ovh.net
260,Jerrie,Renachowski,jrenachowski77@tamu.edu
261,Catina,Moorcraft,cmoorcraft78@vimeo.com
262,Greer,Pouck,gpouck79@marketwatch.com
263,Ailene,Sherrum,asherrum7a@goo.ne.jp
264,Rozalie,Dyott,rdyott7b@youtube.com
265,Bren,Everal,beveral7c@craigslist.org
266,Helaina,Maybury,hmaybury7d@themeforest.net
267,Parke,Neesam,pneesam7e@fastcompany.com
268,Alvie,Johnsey,ajohnsey7f@craigslist.org
269,Dory,Robertson,drobertson7g@istockphoto.com
270,Eloisa,Dudbridge,edudbridge7h@domainmarket.com
271,Gifford,Batalle,gbatalle7i@virginia.edu
272,Cindy,Hain,chain7j@symantec.com
273,Joice,Stolworthy,jstolworthy7k@yelp.com
274,Maurita,Cersey,mcersey7l@guardian.co.uk
275,Gibb,Giovanardi,ggiovanardi7m@unblog.fr
276,Godard,Rudolfer,grudolfer7n@360.cn
277,Aubert,Woolland,awoolland7o@plala.or.jp
278,Darcey,Walley,dwalley7p@vkontakte.ru
279,Lise,Leyban,lleyban7q@csmonitor.com
280,Keane,Lampet,klampet7r@berkeley.edu
281,Aileen,Lambotin,alambotin7s@csmonitor.com
282,Toby,Ciotto,tciotto7t@miitbeian.gov.cn
283,Colver,Cathro,ccathro7u@wired.com
284,Nestor,Janse,njanse7v@prnewswire.com
285,Arabele,Boshere,aboshere7w@ask.com
286,Corrie,Arthey,carthey7x@godaddy.com
287,Janot,Krause,jkrause7y@epa.gov
288,Tabb,Reijmers,treijmers7z@nifty.com
289,Judith,Demange,jdemange80@dion.ne.jp
290,Beatrix,Leverington,bleverington81@discovery.com
291,Kizzee,Hazleton,khazleton82@wix.com
292,Philly,Cullotey,pcullotey83@t.co
293,Deane,Litel,dlitel84@toplist.cz
294,Ring,Willmott,rwillmott85@bbc.co.uk
295,Mayne,Quan,mquan86@altervista.org
296,Mickie,Smitheman,msmitheman87@cpanel.net
297,Germaine,Burchnall,gburchnall88@cnet.com
298,Hailey,Trevino,htrevino89@dedecms.com
299,Aldo,Edlin,aedlin8a@army.mil
300,Leonerd,Kubacek,lkubacek8b@networkadvertising.org
301,Bernardo,De Bernardi,bdebernardi8c@eventbrite.com
302,Zollie,Grist,zgrist8d@wikimedia.org
303,Hill,Brodeau,hbrodeau8e@delicious.com
304,Alethea,Poure,apoure8f@weather.com
305,Briano,Corneliussen,bcorneliussen8g@meetup.com
306,Marge,Corry,mcorry8h@utexas.edu
307,Hanni,Staner,hstaner8i@taobao.com
308,Sydney,Nicolson,snicolson8j@hao123.com
309,Ailbert,Jozefowicz,ajozefowicz8k@yahoo.com
310,Kearney,Schofield,kschofield8l@tmall.com
311,Douglas,Okie,dokie8m@unc.edu
312,Janek,Kirkby,jkirkby8n@blog.com
313,Isobel,Wedgwood,iwedgwood8o@thetimes.co.uk
314,Cary,Hegges,chegges8p@jimdo.com
315,Lonnie,Rontree,lrontree8q@slideshare.net
316,Gaye,Rowcliffe,growcliffe8r@hibu.com
317,Letisha,Bearham,lbearham8s@mediafire.com
318,Quinta,Strothers,qstrothers8t@tiny.cc
319,Jobye,Hodgets,jhodgets8u@wikipedia.org
320,Georgy,Tanman,gtanman8v@ucsd.edu
321,Mufi,O'Coskerry,mocoskerry8w@wunderground.com
322,Auguste,Twigge,atwigge8x@gizmodo.com
323,Neilla,Sumnall,nsumnall8y@shinystat.com
324,Annamaria,Brewse,abrewse8z@redcross.org
325,Reggie,Fordyce,rfordyce90@yellowbook.com
326,Georas,Phelips,gphelips91@hugedomains.com
327,Shauna,Godfrey,sgodfrey92@guardian.co.uk
328,Ado,Mepham,amepham93@hibu.com
329,Brennen,Ferrao,bferrao94@sciencedirect.com
330,Joshia,McIlrath,jmcilrath95@squidoo.com
331,Meredeth,Loud,mloud96@canalblog.com
332,Annora,Mainland,amainland97@barnesandnoble.com
333,Auberon,Sebrens,asebrens98@nps.gov
334,Coletta,Hunnybun,chunnybun99@accuweather.com
335,Tobin,Gatecliffe,tgatecliffe9a@apple.com
336,Thorsten,O'Regan,toregan9b@technorati.com
337,Aubry,Thairs,athairs9c@ehow.com
338,Sheba,Donkersley,sdonkersley9d@photobucket.com
339,Annabella,Melville,amelville9e@wsj.com
340,Rube,Eliassen,reliassen9f@flavors.me
341,Axe,Matula,amatula9g@netvibes.com
342,Michaela,Wallhead,mwallhead9h@fotki.com
343,Audi,Jerred,ajerred9i@sphinn.com
344,Ogdon,Ockland,oockland9j@altervista.org
345,Lynne,Kettlestringes,lkettlestringes9k@rakuten.co.jp
346,Burke,Robson,brobson9l@blogs.com
347,Brander,Nemchinov,bnemchinov9m@google.ca
348,Kerrin,Shipcott,kshipcott9n@businesswire.com
349,Glori,Kirvin,gkirvin9o@google.nl
350,Derward,Forster,dforster9p@icq.com
351,Adora,Frapwell,afrapwell9q@cocolog-nifty.com
352,Jeremy,Blaksland,jblaksland9r@google.fr
353,Hewet,Denman,hdenman9s@google.es
354,Dorotea,Adel,dadel9t@usda.gov
355,Madlen,Laxon,mlaxon9u@earthlink.net
356,Carita,Sline,csline9v@webnode.com
357,David,Endley,dendley9w@studiopress.com
358,Zaccaria,Grinishin,zgrinishin9x@youtube.com
359,Leoline,Oleksiak,loleksiak9y@deliciousdays.com
360,Dukey,Raisbeck,draisbeck9z@google.fr
361,Garrik,Common,gcommona0@oracle.com
362,Prescott,Kimbrey,pkimbreya1@wordpress.org
363,Kenn,O'Noland,konolanda2@elegantthemes.com
364,Ferdinande,Wards,fwardsa3@google.com
365,Reinold,Metherell,rmetherella4@berkeley.edu
366,Paulita,Sigert,psigerta5@usatoday.com
367,Ellwood,Kearn,ekearna6@hhs.gov
368,Kelley,Haslen,khaslena7@adobe.com
369,Hildagarde,Clothier,hclothiera8@ebay.com
370,Randi,Ishaki,rishakia9@storify.com
371,Wilmar,Bines,wbinesaa@taobao.com
372,Fiona,Hovell,fhovellab@unicef.org
373,Wye,Senter,wsenterac@state.tx.us
374,Emalee,Bonhome,ebonhomead@who.int
375,Bryana,Eckhard,beckhardae@deliciousdays.com
376,Orion,Everett,oeverettaf@issuu.com
377,Teena,Addess,taddessag@theatlantic.com
378,Laurene,Weare,lweareah@about.me
379,Klaus,Burns,kburnsai@sciencedaily.com
380,Angelo,Themann,athemannaj@tumblr.com
381,Monica,Starte,mstarteak@nationalgeographic.com
382,Eamon,Porteous,eporteousal@free.fr
383,Alvy,Marushak,amarushakam@bloglines.com
384,Avril,Montez,amontezan@goo.gl
385,Maude,Kemble,mkembleao@berkeley.edu
386,Everett,McAneny,emcanenyap@ed.gov
387,Danya,Wedon,dwedonaq@w3.org
388,Trudie,Lee,tleear@cloudflare.com
389,Jarrad,Simmank,jsimmankas@ycombinator.com
390,Carolyn,Gosse,cgosseat@theglobeandmail.com
391,Rorke,Birchill,rbirchillau@google.com.au
392,Layla,Wiltshire,lwiltshireav@cbslocal.com
393,Antonella,Heisman,aheismanaw@php.net
394,Avie,Degli Antoni,adegliantoniax@acquirethisname.com
395,Jacqui,Balazin,jbalazinay@about.me
396,Arlen,Eite,aeiteaz@1und1.de
397,Karl,Mateev,kmateevb0@purevolume.com
398,Clem,Roome,croomeb1@omniture.com
399,Eyde,Thelwll,ethelwllb2@drupal.org
400,Cam,Mayworth,cmayworthb3@ocn.ne.jp
401,Mae,Stoak,mstoakb4@chron.com
402,Kristian,Tokley,ktokleyb5@intel.com
403,Robinet,Meriel,rmerielb6@goo.ne.jp
404,Belicia,Marklew,bmarklewb7@netlog.com
405,Benito,Proud,bproudb8@rambler.ru
406,Leilah,Gile,lgileb9@tmall.com
407,Athena,Linster,alinsterba@webmd.com
408,Iormina,Blamey,iblameybb@opera.com
409,Ray,Hargreave,rhargreavebc@bizjournals.com
410,Kirsten,Plues,kpluesbd@goo.ne.jp
411,Bria,Rosso,brossobe@wikispaces.com
412,Armstrong,Billiard,abilliardbf@360.cn
413,Ebba,Nerheny,enerhenybg@google.com
414,Towney,Aizlewood,taizlewoodbh@vinaora.com
415,Ricoriki,Trunkfield,rtrunkfieldbi@ucsd.edu
416,Reeba,Warbys,rwarbysbj@ask.com
417,Jeddy,Durston,jdurstonbk@prlog.org
418,Obadias,McMenamie,omcmenamiebl@t-online.de
419,Lorenza,Hurry,lhurrybm@typepad.com
420,Max,Zaczek,mzaczekbn@cmu.edu
421,Kristopher,Everex,keverexbo@sogou.com
422,Dulciana,Tylor,dtylorbp@paginegialle.it
423,Karim,Purslow,kpurslowbq@bloomberg.com
424,Anthia,Vanyutin,avanyutinbr@vimeo.com
425,Annissa,Gary,agarybs@plala.or.jp
426,Samuel,Pitrasso,spitrassobt@about.me
427,Jaime,Wastie,jwastiebu@soup.io
428,Ofella,Squires,osquiresbv@skype.com
429,Lek,Digweed,ldigweedbw@seattletimes.com
430,Edyth,Dehm,edehmbx@smh.com.au
431,Julius,Sherry,jsherryby@google.com.hk
432,Luther,Brok,lbrokbz@tuttocitta.it
433,Del,Lettsom,dlettsomc0@yellowbook.com
434,Verina,Deverall,vdeverallc1@businessweek.com
435,Garrott,Brierly,gbrierlyc2@gmpg.org
436,Camellia,Langer,clangerc3@tripod.com
437,Wyatan,d'Escoffier,wdescoffierc4@miitbeian.gov.cn
438,Maryl,Comino,mcominoc5@1688.com
439,Brittan,Braidwood,bbraidwoodc6@reddit.com
440,Helyn,Scrivner,hscrivnerc7@github.com
441,Dougy,Emberson,dembersonc8@instagram.com
442,Jacinda,Mielnik,jmielnikc9@ibm.com
443,Windham,Ivanov,wivanovca@yolasite.com
444,Joellyn,Stokey,jstokeycb@omniture.com
445,Thaddeus,Curtiss,tcurtisscc@cdbaby.com
446,Phyllis,Velareal,pvelarealcd@dailymotion.com
447,Welby,Peterken,wpeterkence@samsung.com
448,Brod,Matthew,bmatthewcf@senate.gov
449,Valry,Irvine,virvinecg@census.gov
450,Nils,Lafee,nlafeech@forbes.com
451,Ronica,Gobbet,rgobbetci@bigcartel.com
452,Alfie,Llewellin,allewellincj@bloglines.com
453,Pierson,Restieaux,prestieauxck@gnu.org
454,Kerrin,Battany,kbattanycl@amazon.de
455,Micheal,Rosewarne,mrosewarnecm@washington.edu
456,Stanwood,Quadri,squadricn@wufoo.com
457,Felice,Karlolczak,fkarlolczakco@networksolutions.com
458,Emmet,Facchini,efacchinicp@cbc.ca
459,Myrlene,Barrett,mbarrettcq@sciencedaily.com
460,Gerick,Slocket,gslocketcr@squarespace.com
461,Maddi,Broschek,mbroschekcs@cpanel.net
462,Ruddy,Vakhrushev,rvakhrushevct@bandcamp.com
463,Kendal,Skull,kskullcu@howstuffworks.com
464,Rey,Bonellie,rbonelliecv@yahoo.com
465,Claretta,Rostron,crostroncw@squidoo.com
466,Jocko,Croshaw,jcroshawcx@telegraph.co.uk
467,Linet,Alenikov,lalenikovcy@wikia.com
468,Bettina,Bootherstone,bbootherstonecz@icio.us
469,Ricard,Parley,rparleyd0@comsenz.com
470,Jon,Camelin,jcamelind1@sfgate.com
471,Letta,Orbon,lorbond2@webeden.co.uk
472,Dorthea,Caulkett,dcaulkettd3@yandex.ru
473,Jobey,Lowers,jlowersd4@icio.us
474,Candi,O'Collopy,cocollopyd5@wisc.edu
475,Vittoria,Ranger,vrangerd6@cisco.com
476,Christalle,Sedgeworth,csedgeworthd7@g.co
477,Shae,Penticoot,spenticootd8@i2i.jp
478,Laure,Whittle,lwhittled9@cloudflare.com
479,Garey,Rymour,grymourda@devhub.com
480,Bernadina,Caustick,bcaustickdb@odnoklassniki.ru
481,Enrica,Caws,ecawsdc@geocities.com
482,Constantine,Freckleton,cfreckletondd@youtube.com
483,Tabor,Skedgell,tskedgellde@creativecommons.org
484,Fredericka,Toffanelli,ftoffanellidf@hubpages.com
485,Aaren,Littlemore,alittlemoredg@tumblr.com
486,Jillayne,Beament,jbeamentdh@unblog.fr
487,Cale,Ingon,cingondi@amazonaws.com
488,Auroora,Hearfield,ahearfielddj@desdev.cn
489,Bertram,Anyon,banyondk@naver.com
490,Lynn,Darracott,ldarracottdl@pen.io
491,Lilia,Gemson,lgemsondm@163.com
492,Ola,Vallis,ovallisdn@about.me
493,Buffy,Klas,bklasdo@narod.ru
494,Ursola,Wase,uwasedp@hatena.ne.jp
495,Danie,Sidon,dsidondq@linkedin.com
496,Thorstein,Schoular,tschoulardr@ning.com
497,Carol-jean,Bolle,cbolleds@dedecms.com
498,Hollyanne,Seacombe,hseacombedt@hp.com
499,Fair,Murthwaite,fmurthwaitedu@myspace.com
500,Darrelle,Battista,dbattistadv@privacy.gov.au
501,Moise,McDarmid,mmcdarmiddw@cocolog-nifty.com
502,Maisie,Clewes,mclewesdx@wordpress.com
503,Viola,Goulborne,vgoulbornedy@paginegialle.it
504,Tracey,Peakman,tpeakmandz@army.mil
505,Morley,Brookwell,mbrookwelle0@narod.ru
506,Addy,Lippi,alippie1@histats.com
507,Alfi,Lively,alivelye2@whitehouse.gov
508,Anastassia,Tegler,ateglere3@bluehost.com
509,Kerrie,Cattrell,kcattrelle4@who.int
510,Cordey,Reyson,creysone5@microsoft.com
511,Germain,Brolechan,gbrolechane6@phoca.cz
512,Constantin,Annear,canneare7@samsung.com
513,Mariellen,Antoniewski,mantoniewskie8@creativecommons.org
514,Logan,Mustoo,lmustooe9@i2i.jp
515,Rafaelita,Ramble,rrambleea@jimdo.com
516,Logan,Netting,lnettingeb@abc.net.au
517,Court,Werny,cwernyec@wiley.com
518,Geoff,Mongain,gmongained@vimeo.com
519,Natalee,Cadden,ncaddenee@trellian.com
520,Elyse,Janicijevic,ejanicijevicef@com.com
521,Anatola,Holah,aholaheg@samsung.com
522,Datha,Bleasdille,dbleasdilleeh@who.int
523,Georas,Sorbie,gsorbieei@ustream.tv
524,Esma,Berzen,eberzenej@dailymail.co.uk
525,Laney,Devo,ldevoek@imageshack.us
526,Otes,McGennis,omcgennisel@icio.us
527,Mabel,William,mwilliamem@prweb.com
528,Troy,Daniello,tdanielloen@mediafire.com
529,Edwin,Matherson,emathersoneo@zdnet.com
530,Kylynn,Ozintsev,kozintsevep@unesco.org
531,Porty,Lovejoy,plovejoyeq@plala.or.jp
532,Baillie,Malden,bmaldener@meetup.com
533,Aldric,Hunnybun,ahunnybunes@cisco.com
534,Casie,Pelman,cpelmanet@opera.com
535,Nevil,Demaid,ndemaideu@geocities.jp
536,Marna,Bareham,mbarehamev@irs.gov
537,Jessalin,Adamczewski,jadamczewskiew@360.cn
538,Mahala,Carlesso,mcarlessoex@economist.com
539,Delbert,Kittiman,dkittimaney@cmu.edu
540,Timmie,Foan,tfoanez@hexun.com
541,Duncan,Lorenzo,dlorenzof0@fema.gov
542,Cyndia,Sorey,csoreyf1@t.co
543,Philomena,Ceschi,pceschif2@icio.us
544,Abelard,Semrad,asemradf3@microsoft.com
545,Lannie,Brayford,lbrayfordf4@arstechnica.com
546,Wayne,Bulford,wbulfordf5@comcast.net
547,Kip,Vollam,kvollamf6@angelfire.com
548,Kellyann,Delves,kdelvesf7@ameblo.jp
549,Adey,Baldocci,abaldoccif8@walmart.com
550,Babb,Lecount,blecountf9@amazon.co.uk
551,Tiena,McAughtrie,tmcaughtriefa@nationalgeographic.com
552,Esdras,Peat,epeatfb@t.co
553,Ilario,Fetters,ifettersfc@auda.org.au
554,Maynord,Umbers,mumbersfd@github.com
555,Inglis,Dabinett,idabinettfe@reuters.com
556,Jeremie,Godmer,jgodmerff@npr.org
557,Cathe,Grundey,cgrundeyfg@oaic.gov.au
558,Gare,Bromell,gbromellfh@netlog.com
559,Bastien,Towriss,btowrissfi@economist.com
560,Whittaker,Dench,wdenchfj@digg.com
561,Ode,Scudder,oscudderfk@blogger.com
562,Nadiya,Feuell,nfeuellfl@theatlantic.com
563,Nona,Bakes,nbakesfm@dyndns.org
564,Weston,Penella,wpenellafn@narod.ru
565,Job,Binnell,jbinnellfo@github.com
566,Ernie,Jurs,ejursfp@i2i.jp
567,Fitz,Deller,fdellerfq@google.pl
568,Sutherland,Tryme,strymefr@sciencedaily.com
569,Hurlee,Skully,hskullyfs@nih.gov
570,Heddie,Redington,hredingtonft@wsj.com
571,Paulita,Woodburn,pwoodburnfu@biglobe.ne.jp
572,Ingamar,Winkell,iwinkellfv@macromedia.com
573,Morris,Goldis,mgoldisfw@ask.com
574,Helenelizabeth,Rathmell,hrathmellfx@free.fr
575,Richy,Ciotti,rciottify@ning.com
576,Bren,Earp,bearpfz@walmart.com
577,Mahmud,Linford,mlinfordg0@joomla.org
578,Conney,Obert,cobertg1@amazon.de
579,Milty,Riccetti,mriccettig2@godaddy.com
580,Nonie,Coaster,ncoasterg3@e-recht24.de
581,Leonard,Turney,lturneyg4@dion.ne.jp
582,Mellisent,Cass,mcassg5@behance.net
583,Gay,Pulfer,gpulferg6@imgur.com
584,Harlin,Bloys,hbloysg7@reddit.com
585,Selina,Charity,scharityg8@digg.com
586,Isadora,Chrisp,ichrispg9@gravatar.com
587,Erich,Featherbie,efeatherbiega@deliciousdays.com
588,Cloe,Butcher,cbutchergb@auda.org.au
589,Deane,Spaule,dspaulegc@ucoz.com
590,Grace,Vaugham,gvaughamgd@shareasale.com
591,Kassia,Kobieriecki,kkobierieckige@reddit.com
592,Guthrie,Theze,gthezegf@i2i.jp
593,Arel,Sinnatt,asinnattgg@whitehouse.gov
594,Holli,Maestrini,hmaestrinigh@state.gov
595,Binni,Vacher,bvachergi@shop-pro.jp
596,Erwin,Boggas,eboggasgj@bravesites.com
597,Windy,Grote,wgrotegk@homestead.com
598,Ambrosio,Cobbe,acobbegl@cbc.ca
599,Dwain,Aluard,daluardgm@gnu.org
600,Kristyn,Ferrand,kferrandgn@bbb.org
601,Aldridge,Forlonge,aforlongego@seesaa.net
602,Livvie,Lahy,llahygp@bloomberg.com
603,Anett,Testin,atestingq@businesswire.com
604,Becka,Longbone,blongbonegr@marketwatch.com
605,Rori,Nollet,rnolletgs@phoca.cz
606,Mildrid,Broseke,mbrosekegt@reuters.com
607,Catherina,Busher,cbushergu@statcounter.com
608,Sylas,Keaveney,skeaveneygv@eventbrite.com
609,Ethe,McGarahan,emcgarahangw@cargocollective.com
610,Bogart,Gebbe,bgebbegx@virginia.edu
611,Hale,Colleford,hcollefordgy@icio.us
612,Damaris,Alelsandrovich,dalelsandrovichgz@chron.com
613,Andie,Laffranconi,alaffranconih0@soup.io
614,Lusa,Trussler,ltrusslerh1@sohu.com
615,Iolande,Torvey,itorveyh2@typepad.com
616,Brinna,Sallnow,bsallnowh3@hexun.com
617,Malissia,Kurt,mkurth4@slideshare.net
618,Turner,Ruttgers,truttgersh5@webmd.com
619,Cass,Vergo,cvergoh6@about.me
620,Sayers,Middiff,smiddiffh7@wix.com
621,Kristin,Mew,kmewh8@amazon.co.uk
622,Kennedy,Murfill,kmurfillh9@simplemachines.org
623,Sandie,Shirley,sshirleyha@utexas.edu
624,Allx,Foad,afoadhb@un.org
625,Rosco,Baumadier,rbaumadierhc@gravatar.com
626,Torey,Plumbridge,tplumbridgehd@uol.com.br
627,Samaria,Burbudge,sburbudgehe@google.com.au
628,Antonia,Scarlin,ascarlinhf@ebay.co.uk
629,Dee,Illidge,dillidgehg@livejournal.com
630,Daven,Smullin,dsmullinhh@earthlink.net
631,Lexine,Bridgstock,lbridgstockhi@ted.com
632,Tania,Brandacci,tbrandaccihj@feedburner.com
633,Gilberto,Slator,gslatorhk@desdev.cn
634,Florian,Orehead,foreheadhl@opera.com
635,Karissa,Dallas,kdallashm@ucsd.edu
636,Ardenia,Rushsorth,arushsorthhn@t.co
637,Caria,Shillom,cshillomho@washington.edu
638,Anne-marie,Haliday,ahalidayhp@edublogs.org
639,Poppy,Casiero,pcasierohq@upenn.edu
640,Cinderella,Denman,cdenmanhr@quantcast.com
641,Benedict,Ducarne,bducarnehs@stumbleupon.com
642,Dulci,Tainton,dtaintonht@omniture.com
643,Quintina,Butterworth,qbutterworthhu@amazon.de
644,Hendrika,Noulton,hnoultonhv@constantcontact.com
645,Jillana,Plumridge,jplumridgehw@bing.com
646,Curtis,Kohlert,ckohlerthx@cpanel.net
647,Allissa,Champken,achampkenhy@washington.edu
648,Charita,Treffrey,ctreffreyhz@dmoz.org
649,Ettie,Mateja,ematejai0@canalblog.com
650,Fionna,Cake,fcakei1@ehow.com
651,Lexy,Castane,lcastanei2@army.mil
652,Maury,Goldie,mgoldiei3@archive.org
653,Miof mela,Dryden,mdrydeni4@flavors.me
654,Laural,Gerty,lgertyi5@cnbc.com
655,Penrod,Schollick,pschollicki6@kickstarter.com
656,Nerti,Byart,nbyarti7@weather.com
657,Griz,Dungate,gdungatei8@google.nl
658,Elmo,Leynton,eleyntoni9@hexun.com
659,Adora,Cowlard,acowlardia@washington.edu
660,Nanny,Allkins,nallkinsib@uiuc.edu
661,Brion,Dryburgh,bdryburghic@google.pl
662,Orsola,Coulston,ocoulstonid@patch.com
663,Van,Tyrer,vtyrerie@sitemeter.com
664,Marguerite,Valentino,mvalentinoif@prnewswire.com
665,Shara,McCay,smccayig@com.com
666,Kylila,Micah,kmicahih@marriott.com
667,Stephanie,Joberne,sjoberneii@reuters.com
668,Roberta,Elsmore,relsmoreij@gnu.org
669,Gunilla,Seckom,gseckomik@usda.gov
670,Grannie,Wayon,gwayonil@multiply.com
671,Olwen,Staggs,ostaggsim@accuweather.com
672,Tan,Capps,tcappsin@constantcontact.com
673,Lorelei,Petrello,lpetrelloio@sitemeter.com
674,Xever,Alsop,xalsopip@google.com.au
675,Byram,Diboll,bdibolliq@istockphoto.com
676,Hilde,Blackey,hblackeyir@ox.ac.uk
677,Kittie,Battison,kbattisonis@networkadvertising.org
678,Lucilia,Stolting,lstoltingit@senate.gov
679,Nappie,Lelliott,nlelliottiu@cargocollective.com
680,Vyky,O'Flannery,voflanneryiv@ning.com
681,Arley,Monro,amonroiw@indiegogo.com
682,Hermina,O'Connell,hoconnellix@360.cn
683,Myrah,Leinster,mleinsteriy@google.com
684,Bartel,Patkin,bpatkiniz@amazon.com
685,Shellysheldon,Marley,smarleyj0@sciencedirect.com
686,Lea,Penlington,lpenlingtonj1@fastcompany.com
687,Tomasina,Habishaw,thabishawj2@deliciousdays.com
688,Dov,Linguard,dlinguardj3@va.gov
689,Ettie,Brighouse,ebrighousej4@ebay.co.uk
690,Bartolomeo,Fleis,bfleisj5@soundcloud.com
691,Monika,Parkyn,mparkynj6@macromedia.com
692,Eunice,Matterface,ematterfacej7@flavors.me
693,Padget,Cartwight,pcartwightj8@nyu.edu
694,Gilbertina,Zorzetti,gzorzettij9@gizmodo.com
695,Glen,Ivankovic,givankovicja@alexa.com
696,Philbert,Fidell,pfidelljb@amazonaws.com
697,Stevena,Vanyutin,svanyutinjc@squarespace.com
698,Bary,Selwyne,bselwynejd@springer.com
699,Alexandro,Coning,aconingje@moonfruit.com
700,Gipsy,Dunican,gdunicanjf@woothemes.com
701,Bennie,Greeno,bgreenojg@cbsnews.com
702,Maurise,Vernall,mvernalljh@qq.com
703,Itch,Gitsham,igitshamji@reverbnation.com
704,Lester,Abercrombie,labercrombiejj@mac.com
705,Tracy,Pettigree,tpettigreejk@mysql.com
706,Haywood,Phettis,hphettisjl@wordpress.org
707,Dominik,Muzzall,dmuzzalljm@china.com.cn
708,Nancie,Hendrick,nhendrickjn@census.gov
709,Ax,Tipple,atipplejo@wisc.edu
710,Lonee,Pitkeathley,lpitkeathleyjp@apache.org
711,Joseph,Skeermer,jskeermerjq@mediafire.com
712,Sascha,Larner,slarnerjr@vinaora.com
713,Otha,Boorer,oboorerjs@creativecommons.org
714,Hope,MacDuffie,hmacduffiejt@dagondesign.com
715,Cletis,Dy,cdyju@cafepress.com
716,Sara,German,sgermanjv@yellowpages.com
717,Nolana,Croutear,ncroutearjw@cloudflare.com
718,Drugi,Pomeroy,dpomeroyjx@gravatar.com
719,Griff,Cookney,gcookneyjy@jugem.jp
720,Babette,Cocksedge,bcocksedgejz@cnbc.com
721,Clim,Cusiter,ccusiterk0@nyu.edu
722,Hayden,Assaf,hassafk1@google.pl
723,Tommie,Heynen,theynenk2@is.gd
724,Kellsie,Billiard,kbilliardk3@netvibes.com
725,Libbie,Binnes,lbinnesk4@yahoo.com
726,Arlin,Sedcole,asedcolek5@studiopress.com
727,Clotilda,Kohn,ckohnk6@sitemeter.com
728,Alphonse,Stotherfield,astotherfieldk7@whitehouse.gov
729,Federica,Rapkins,frapkinsk8@myspace.com
730,Chas,Vales,cvalesk9@merriam-webster.com
731,Hanan,De Filippis,hdefilippiska@github.io
732,Celeste,Lodewick,clodewickkb@nymag.com
733,Lisette,Martel,lmartelkc@goo.gl
734,Danita,Rosi,drosikd@pbs.org
735,Briana,Winder,bwinderke@geocities.com
736,Tisha,Asgodby,tasgodbykf@si.edu
737,Stan,Kollatsch,skollatschkg@sciencedaily.com
738,Leela,Oswick,loswickkh@xrea.com
739,Maddalena,Laws,mlawski@earthlink.net
740,Mace,Hildred,mhildredkj@xrea.com
741,Rubin,Scotson,rscotsonkk@techcrunch.com
742,Tracie,Kupka,tkupkakl@springer.com
743,Bernita,Tather,btatherkm@va.gov
744,Sayer,Janatka,sjanatkakn@bizjournals.com
745,Marlow,Mackley,mmackleyko@auda.org.au
746,Godart,Lago,glagokp@soundcloud.com
747,Adaline,Cathenod,acathenodkq@theguardian.com
748,Juliette,Atling,jatlingkr@admin.ch
749,Borden,Garnsworthy,bgarnsworthyks@cocolog-nifty.com
750,Gray,Royans,groyanskt@newsvine.com
751,Dilan,Mattiuzzi,dmattiuzziku@ebay.com
752,Antoinette,Irnis,airniskv@npr.org
753,Aloin,Bloxham,abloxhamkw@sbwire.com
754,Rogers,Seage,rseagekx@shutterfly.com
755,Davy,Sprules,dsprulesky@netlog.com
756,Orelia,Longworth,olongworthkz@amazonaws.com
757,Joletta,Hun,jhunl0@theatlantic.com
758,Nickolaus,Rock,nrockl1@webmd.com
759,Sam,Surman-Wells,ssurmanwellsl2@yolasite.com
760,Camilla,McSweeney,cmcsweeneyl3@biblegateway.com
761,Morris,Egentan,megentanl4@springer.com
762,Fabiano,Saint,fsaintl5@behance.net
763,Marion,Nockells,mnockellsl6@google.fr
764,Melisa,Rodwell,mrodwelll7@slate.com
765,Pincus,Surman-Wells,psurmanwellsl8@freewebs.com
766,Harlene,Nathon,hnathonl9@google.de
767,Terencio,Causer,tcauserla@shop-pro.jp
768,Lauren,Slixby,lslixbylb@google.nl
769,Pierson,Forsdyke,pforsdykelc@hugedomains.com
770,Rebekkah,Putton,rputtonld@digg.com
771,Dana,Jarville,djarvillele@pen.io
772,Grier,Bales,gbaleslf@t-online.de
773,Rodolphe,Straffon,rstraffonlg@paginegialle.it
774,Sarine,Hilliam,shilliamlh@mtv.com
775,Darlene,Negus,dnegusli@ca.gov
776,Rupert,Battista,rbattistalj@ning.com
777,Sanders,Crooks,scrookslk@elegantthemes.com
778,Marcelia,Butteris,mbutterisll@istockphoto.com
779,Natty,Romaines,nromaineslm@spotify.com
780,Farr,Tritton,ftrittonln@ucoz.ru
781,Aron,Fayre,afayrelo@imageshack.us
782,Clarinda,Lamden,clamdenlp@canalblog.com
783,Cindelyn,Marrill,cmarrilllq@symantec.com
784,Biddy,Comazzo,bcomazzolr@boston.com
785,Ermina,Grundle,egrundlels@theguardian.com
786,Morgen,Mansell,mmanselllt@dagondesign.com
787,Gisele,McDonagh,gmcdonaghlu@privacy.gov.au
788,Tann,Munn,tmunnlv@ft.com
789,Elaine,Le Barre,elebarrelw@walmart.com
790,Kikelia,Mac,kmaclx@squarespace.com
791,Elnore,Cheatle,echeatlely@geocities.com
792,Esteban,Sherrin,esherrinlz@topsy.com
793,Kyrstin,Harkus,kharkusm0@paypal.com
794,Brendan,Horlock,bhorlockm1@booking.com
795,Audry,Kinkade,akinkadem2@desdev.cn
796,Buffy,Pooley,bpooleym3@census.gov
797,Noreen,Gleder,nglederm4@ftc.gov
798,Ludovika,Wallwork,lwallworkm5@ask.com
799,Noby,MacKeller,nmackellerm6@livejournal.com
800,Annemarie,Longthorn,alongthornm7@stumbleupon.com
801,Gretta,Patria,gpatriam8@adobe.com
802,Grethel,Oag,goagm9@redcross.org
803,Klarika,Keppe,kkeppema@prnewswire.com
804,Niko,Byer,nbyermb@examiner.com
805,Siffre,Emmett,semmettmc@unblog.fr
806,Domeniga,Stappard,dstappardmd@thetimes.co.uk
807,Saloma,Cloutt,sclouttme@salon.com
808,Bennett,Kimbell,bkimbellmf@taobao.com
809,Katleen,Hayden,khaydenmg@google.it
810,Rahel,Maty,rmatymh@umn.edu
811,Hedi,Derrett,hderrettmi@storify.com
812,Maure,Height,mheightmj@google.ca
813,Chantal,Babonau,cbabonaumk@dion.ne.jp
814,Josselyn,Aslum,jaslumml@umn.edu
815,Ara,Runcieman,arunciemanmm@skype.com
816,Reginauld,Melmeth,rmelmethmn@cpanel.net
817,Veronika,Spellar,vspellarmo@nhs.uk
818,Harriott,Moar,hmoarmp@blogspot.com
819,Orelie,Theuff,otheuffmq@scribd.com
820,Janna,Hannant,jhannantmr@netscape.com
821,Guss,Macauley,gmacauleyms@hostgator.com
822,Catherine,Ghidoni,cghidonimt@un.org
823,Fiona,Kelledy,fkelledymu@miibeian.gov.cn
824,Jillana,Berthelet,jbertheletmv@flavors.me
825,Jedidiah,Gleave,jgleavemw@flickr.com
826,Cori,Robinett,crobinettmx@skyrock.com
827,Abelard,McFarlane,amcfarlanemy@soundcloud.com
828,Marcel,Petriello,mpetriellomz@cocolog-nifty.com
829,Sancho,Rollings,srollingsn0@wikipedia.org
830,Foster,MacAllaster,fmacallastern1@about.com
831,Rriocard,Sansbury,rsansburyn2@smh.com.au
832,Sabra,Chetter,schettern3@freewebs.com
833,Kelsey,Toland,ktolandn4@unc.edu
834,Joletta,Paolicchi,jpaolicchin5@eventbrite.com
835,Rosemarie,Tzuker,rtzukern6@cnbc.com
836,Osgood,Yuill,oyuilln7@slate.com
837,Clarette,Cheverton,cchevertonn8@1und1.de
838,Price,Philipp,pphilippn9@soup.io
839,Judi,Brimmicombe,jbrimmicombena@marketwatch.com
840,Dav,Aizic,daizicnb@home.pl
841,Baldwin,Beeble,bbeeblenc@spiegel.de
842,Sebastien,Posner,sposnernd@studiopress.com
843,Randi,Boc,rbocne@ebay.com
844,Fabio,Syphus,fsyphusnf@springer.com
845,Harmony,Rudwell,hrudwellng@un.org
846,Tarah,Dando,tdandonh@thetimes.co.uk
847,Danita,O'Bradain,dobradainni@mac.com
848,Stevana,Martensen,smartensennj@gizmodo.com
849,Porter,Tulley,ptulleynk@chicagotribune.com
850,Nichole,Sutor,nsutornl@purevolume.com
851,Tate,Djurevic,tdjurevicnm@goo.gl
852,Abe,Softley,asoftleynn@oracle.com
853,Reine,Peart,rpeartno@barnesandnoble.com
854,Zsa zsa,McKeeman,zmckeemannp@artisteer.com
855,Paulina,Bulmer,pbulmernq@mediafire.com
856,Cecil,Astling,castlingnr@zdnet.com
857,Jayme,Tappin,jtappinns@disqus.com
858,Rodina,Nono,rnonont@mozilla.com
859,Cullie,Kemwal,ckemwalnu@histats.com
860,Kore,Ambroz,kambroznv@dmoz.org
861,Rabbi,Canedo,rcanedonw@discovery.com
862,Margette,Statton,mstattonnx@edublogs.org
863,Travus,Arber,tarberny@hexun.com
864,Allx,Woodroofe,awoodroofenz@usgs.gov
865,Shem,Reburn,sreburno0@sitemeter.com
866,Sheilah,Andrzejowski,sandrzejowskio1@example.com
867,Chloe,Pitkin,cpitkino2@google.it
868,Kelvin,Christian,kchristiano3@dailymotion.com
869,Sydney,Lorrie,slorrieo4@tripod.com
870,Chrisse,Dyson,cdysono5@army.mil
871,Thekla,Kisbey,tkisbeyo6@youtu.be
872,Marcelia,Dix,mdixo7@google.co.uk
873,Katerina,MacConnechie,kmacconnechieo8@psu.edu
874,Rodi,Longina,rlonginao9@amazonaws.com
875,Elijah,Pithcock,epithcockoa@uol.com.br
876,Aluin,Haack,ahaackob@msn.com
877,Glynda,Georgins,ggeorginsoc@wunderground.com
878,Kaja,Hollingdale,khollingdaleod@gov.uk
879,Claresta,Rushman,crushmanoe@sohu.com
880,Gasper,Tinkler,gtinklerof@globo.com
881,Sayre,Shreeves,sshreevesog@so-net.ne.jp
882,Pat,Wheelhouse,pwheelhouseoh@cloudflare.com
883,Sancho,Rixon,srixonoi@cam.ac.uk
884,Roxi,Argyle,rargyleoj@disqus.com
885,Curtis,Aldcorn,caldcornok@chron.com
886,Amelie,Dainty,adaintyol@deliciousdays.com
887,Bryant,Timeby,btimebyom@myspace.com
888,Cort,Ormerod,cormerodon@ning.com
889,Danita,Klishin,dklishinoo@techcrunch.com
890,Gaby,Rowbrey,growbreyop@infoseek.co.jp
891,Elie,Spurritt,espurrittoq@cargocollective.com
892,Eugenia,Strangwood,estrangwoodor@netlog.com
893,Creigh,Venediktov,cvenediktovos@prlog.org
894,Kyla,Sheering,ksheeringot@parallels.com
895,Ceil,Mirfield,cmirfieldou@wunderground.com
896,Hedwiga,Dudney,hdudneyov@examiner.com
897,Louella,Andren,landrenow@oracle.com
898,Lavinie,Gaiford,lgaifordox@aol.com
899,Zackariah,Bowley,zbowleyoy@squidoo.com
900,Stephen,Brownsill,sbrownsilloz@mayoclinic.com
901,Odie,Piele,opielep0@ucla.edu
902,Carlie,Slemming,cslemmingp1@cafepress.com
903,Veriee,Pfeifer,vpfeiferp2@imageshack.us
904,Alfreda,Huburn,ahuburnp3@pcworld.com
905,Rozamond,Planque,rplanquep4@mlb.com
906,Osmund,Normanell,onormanellp5@ucsd.edu
907,Esra,Scotson,escotsonp6@weather.com
908,Matilda,Headly,mheadlyp7@linkedin.com
909,Annabell,Million,amillionp8@bloomberg.com
910,Arman,Davison,adavisonp9@amazon.com
911,Orsa,Peeke,opeekepa@wordpress.com
912,Ivory,Kupis,ikupispb@mapy.cz
913,Russ,McQuorkell,rmcquorkellpc@foxnews.com
914,Sibelle,Brooks,sbrookspd@wikia.com
915,Grayce,Assur,gassurpe@mit.edu
916,Christal,Thexton,cthextonpf@jalbum.net
917,Beryl,Haldon,bhaldonpg@123-reg.co.uk
918,Garth,Maylard,gmaylardph@cnbc.com
919,Brandtr,Pailin,bpailinpi@ebay.com
920,Cinnamon,Ellins,cellinspj@merriam-webster.com
921,Carolyn,Murty,cmurtypk@cbslocal.com
922,Ford,Etherington,fetheringtonpl@loc.gov
923,Jillane,Potten,jpottenpm@yale.edu
924,Duffy,Elia,deliapn@macromedia.com
925,Bentlee,Maun,bmaunpo@nature.com
926,Alphard,Philcott,aphilcottpp@google.com
927,Heinrik,Ogan,hoganpq@foxnews.com
928,Loella,Earingey,learingeypr@parallels.com
929,Ax,Shewan,ashewanps@xing.com
930,Lek,Fawdry,lfawdrypt@whitehouse.gov
931,Erhart,Spillett,espillettpu@deliciousdays.com
932,Hildegaard,Habeshaw,hhabeshawpv@4shared.com
933,Nilson,Giraldon,ngiraldonpw@psu.edu
934,Nial,Fessler,nfesslerpx@dmoz.org
935,Karisa,Scourge,kscourgepy@bloglines.com
936,Abe,Fetteplace,afetteplacepz@ustream.tv
937,Aindrea,Brychan,abrychanq0@flickr.com
938,Theobald,Kiddy,tkiddyq1@toplist.cz
939,Maribel,Callery,mcalleryq2@geocities.com
940,Ursa,Ricardou,uricardouq3@java.com
941,Roch,Rubra,rrubraq4@last.fm
942,Geno,Hickisson,ghickissonq5@vinaora.com
943,Lolita,Bebbington,lbebbingtonq6@tinypic.com
944,Kaylee,Kelleway,kkellewayq7@globo.com
945,Anjanette,Viggers,aviggersq8@yelp.com
946,Cris,Emmanuel,cemmanuelq9@reddit.com
947,Trstram,Jubb,tjubbqa@berkeley.edu
948,Lainey,Alyoshin,lalyoshinqb@mac.com
949,Reta,Gourlay,rgourlayqc@jugem.jp
950,Durante,Moyne,dmoyneqd@odnoklassniki.ru
951,Isidro,Seddon,iseddonqe@ft.com
952,Colby,Fould,cfouldqf@time.com
953,Verney,Whittuck,vwhittuckqg@squarespace.com
954,Hynda,Sheer,hsheerqh@instagram.com
955,Breena,Gosling,bgoslingqi@google.com.au
956,Evita,Labrum,elabrumqj@sbwire.com
957,Gwendolin,Paschke,gpaschkeqk@upenn.edu
958,Filberto,Colliford,fcollifordql@1688.com
959,Wilbert,Gillibrand,wgillibrandqm@home.pl
960,Everard,Mourgue,emourgueqn@google.nl
961,Maud,Freathy,mfreathyqo@instagram.com
962,Jeramie,Elbourn,jelbournqp@archive.org
963,Currey,Poge,cpogeqq@desdev.cn
964,Dorian,Lingfoot,dlingfootqr@weibo.com
965,Eleanore,Tiner,etinerqs@cnn.com
966,Chantal,Dimock,cdimockqt@wsj.com
967,Allys,Fearnyough,afearnyoughqu@squidoo.com
968,Saraann,Dulson,sdulsonqv@typepad.com
969,Halsy,Langfat,hlangfatqw@flavors.me
970,Leigha,Franck,lfranckqx@comsenz.com
971,Henryetta,Masson,hmassonqy@clickbank.net
972,Glynn,Blackesland,gblackeslandqz@who.int
973,Marty,Kauffman,mkauffmanr0@ibm.com
974,Ashli,Connelly,aconnellyr1@instagram.com
975,Reena,Van Giffen,rvangiffenr2@pbs.org
976,Mallory,Hamsley,mhamsleyr3@devhub.com
977,Kennett,McAdam,kmcadamr4@photobucket.com
978,Livvyy,Flewan,lflewanr5@networkadvertising.org
979,Germaine,Ofen,gofenr6@usatoday.com
980,Demeter,Eller,dellerr7@cdbaby.com
981,Collin,Clarae,cclaraer8@nsw.gov.au
982,Edgard,Fleming,eflemingr9@vinaora.com
983,Amelie,McBryde,amcbrydera@va.gov
984,Langsdon,Bealing,lbealingrb@buzzfeed.com
985,Brendis,Winfrey,bwinfreyrc@creativecommons.org
986,Mead,Piniur,mpiniurrd@walmart.com
987,Guglielmo,Dreinan,gdreinanre@blogger.com
988,Katine,Simkin,ksimkinrf@elpais.com
989,Henderson,Eydel,heydelrg@pcworld.com
990,Dougie,Shorter,dshorterrh@free.fr
991,Kelbee,Perrelli,kperrelliri@kickstarter.com
992,Newton,Chilley,nchilleyrj@wp.com
993,Cleveland,Dunley,cdunleyrk@unblog.fr
994,Rhody,Sommerlie,rsommerlierl@wix.com
995,Bent,Gillan,bgillanrm@uiuc.edu
996,Aura,Fairebrother,afairebrotherrn@youtube.com
997,Tiena,Sinton,tsintonro@flickr.com
998,Riccardo,Baile,rbailerp@altervista.org
999,Dal,Benzies,dbenziesrq@indiatimes.com
1000,Sharai,Dyne,sdynerr@businesswire.com
